feature1,feature2,score,score_abs,method,n_valid
Unnamed: 0,international_id,1.0,1.0,pearson,10000
Unnamed: 0,international_id,1.0,1.0,spearman,10000
avg_shoot_speed,shot_power_score,1.0,1.0,spearman,8798
Unnamed: 0,international_id,1.0,1.0,distance_correlation,10000
avg_shoot_speed,shot_power_score,0.9999999423040256,0.9999999423040256,pearson,8798
avg_shoot_speed,shot_power_score,0.9999999059822494,0.9999999059822494,distance_correlation,8798
Unnamed: 0,international_id,0.999579204827742,0.999579204827742,mutual_information_num_num,10000
avg_shoot_speed,shot_power_score,0.9993623695188056,0.9993623695188056,mutual_information_num_num,8798
goals_against_total,goals_against_average,0.9970201409412796,0.9970201409412796,spearman,9963
draft_year,age,-0.9959362735700192,0.9959362735700192,spearman,9793
draft_year,age,0.9938540119958824,0.9938540119958824,distance_correlation,9793
goals_against_total,goals_against_average,0.979523364335091,0.979523364335091,distance_correlation,9963
goals,shooting_percentage_calculated,0.9766416569715408,0.9766416569715408,spearman,9963
draft_year,age,-0.9765888143429792,0.9765888143429792,pearson,9793
goals,shooting_percentage_calculated,0.9613232004864622,0.9613232004864622,distance_correlation,9963
puck_touches,passes_attempted,0.9575634172335574,0.9575634172335574,pearson,9963
goals_against_total,goals_against_average,0.9552969295050588,0.9552969295050588,pearson,9963
puck_touches,passes_attempted,0.951814703401374,0.951814703401374,distance_correlation,9963
draft_year,age,0.9300807797645024,0.9300807797645024,mutual_information_num_num,9793
height,shoe_size,0.917058952966771,0.917058952966771,pearson,9913
height,shoe_size,0.9103286953150213,0.9103286953150213,spearman,9913
goals,shooting_percentage_calculated,0.8918066478357295,0.8918066478357295,mutual_information_num_num,9963
height,shoe_size,0.8892375675262467,0.8892375675262467,distance_correlation,9913
puck_touches,passes_attempted,0.8853920555627871,0.8853920555627871,spearman,9963
goals,power_play_goals,0.8781140414648446,0.8781140414648446,pearson,9963
years_played,years_pro,0.8771123550848738,0.8771123550848738,distance_correlation,9963
draft_year,years_played,-0.8632302771844064,0.8632302771844064,spearman,9923
goals,power_play_goals,0.8547818780085605,0.8547818780085605,spearman,9963
draft_year,years_played,0.8546089038604489,0.8546089038604489,distance_correlation,9923
years_played,age,0.8533187257116948,0.8533187257116948,spearman,9833
draft_year,years_played,-0.85101615851302,0.85101615851302,pearson,9923
position,goals_against_average,0.8485739454531788,0.8485739454531788,eta_squared,9963
position,goals_against_total,0.8476333917823465,0.8476333917823465,eta_squared,9963
years_played,age,0.8425427279660259,0.8425427279660259,distance_correlation,9833
goals,power_play_goals,0.8379923788521397,0.8379923788521397,distance_correlation,9963
power_play_goals,shooting_percentage_calculated,0.8365672204048307,0.8365672204048307,spearman,9963
experience_level,number_of_previous_teams,0.8351614208024414,0.8351614208024414,eta_squared,9794
years_played,years_pro,0.8316887829175668,0.8316887829175668,pearson,9963
birth_city,nationality,0.8132126887480253,0.8132126887480253,cramers_v,9963
power_play_goals,shooting_percentage_calculated,0.8095509109575866,0.8095509109575866,distance_correlation,9963
years_played,age,0.8072190328955283,0.8072190328955283,pearson,9833
num_of_shots,shot_attempts,0.8006688411378929,0.8006688411378929,spearman,9963
passes_completed,pass_completion_rate,0.7980837823704404,0.7980837823704404,spearman,9963
fitness_level,pass_completion_rate,0.782006729642661,0.782006729642661,eta_squared,9533
goals,shooting_percentage_calculated,0.7806724507893372,0.7806724507893372,pearson,9963
years_played,years_pro,0.7664572088875069,0.7664572088875069,spearman,9963
years_played,years_pro,0.7646341241057479,0.7646341241057479,mutual_information_num_num,9963
num_of_shots,shot_attempts,0.7545760287343395,0.7545760287343395,distance_correlation,9963
passes_completed,pass_completion_rate,0.7526843609458027,0.7526843609458027,distance_correlation,9963
passes_attempted,passes_completed,0.7482647236542493,0.7482647236542493,pearson,9963
passes_completed,pass_completion_rate,0.745917958702336,0.745917958702336,pearson,9963
draft_year,years_pro,0.7360802714224162,0.7360802714224162,distance_correlation,9923
years_pro,age,0.7254546624628032,0.7254546624628032,distance_correlation,9833
draft_year,years_pro,-0.7204860252822647,0.7204860252822647,pearson,9923
passes_attempted,passes_completed,0.7189525697408173,0.7189525697408173,distance_correlation,9963
power_play_goals,captain,0.7172773668913526,0.7172773668913526,distance_correlation,9963
puck_touches,passes_completed,0.7123286781763455,0.7123286781763455,pearson,9963
power_play_goals,captain,0.7110062884655644,0.7110062884655644,pearson,9963
height,body_fat_percentage,-0.7068886786431576,0.7068886786431576,pearson,9913
draft_year,years_pro,-0.6966136574762726,0.6966136574762726,spearman,9923
assists,games_missed_due_to_injury,0.6960161916612488,0.6960161916612488,spearman,9963
passes_attempted,passes_completed,0.6925949862185978,0.6925949862185978,spearman,9963
height,body_fat_percentage,-0.6919223074381567,0.6919223074381567,spearman,9913
assists,games_missed_due_to_injury,0.688491776384613,0.688491776384613,pearson,9963
years_pro,age,0.6877267442454843,0.6877267442454843,spearman,9833
power_play_goals,shooting_percentage_calculated,0.6873173612909899,0.6873173612909899,pearson,9963
time_on_ice,time_between_penalties,0.6859392292783352,0.6859392292783352,spearman,9961
puck_touches,passes_completed,0.6856249050637764,0.6856249050637764,distance_correlation,9963
years_pro,age,0.6815783124399593,0.6815783124399593,pearson,9833
puck_touches,puck_possession_time,0.6686888812039802,0.6686888812039802,pearson,9963
assists,games_missed_due_to_injury,0.6644198793964537,0.6644198793964537,distance_correlation,9963
time_on_ice,penalty_kill_time,0.6629651241739207,0.6629651241739207,distance_correlation,9961
height,body_fat_percentage,0.6611957079310464,0.6611957079310464,distance_correlation,9913
puck_touches,passes_attempted,0.6543407294433407,0.6543407294433407,mutual_information_num_num,9963
shoe_size,body_fat_percentage,-0.6501597607496563,0.6501597607496563,pearson,9963
goals,captain,0.6483338680641234,0.6483338680641234,pearson,9963
time_on_ice,time_between_penalties,0.644415391846932,0.644415391846932,distance_correlation,9961
puck_possession_time,passes_attempted,0.6417754963027114,0.6417754963027114,pearson,9963
shot_attempts,high_danger_shots,0.6345419612153216,0.6345419612153216,pearson,9963
goals,captain,0.6344367411380021,0.6344367411380021,distance_correlation,9963
shoe_size,body_fat_percentage,-0.6338771962095565,0.6338771962095565,spearman,9963
num_of_shots,shot_attempts,0.6321845066638696,0.6321845066638696,mutual_information_num_num,9963
puck_touches,passes_completed,0.6285883307678838,0.6285883307678838,spearman,9963
time_on_ice,time_between_penalties,0.6246230247866379,0.6246230247866379,pearson,9961
shot_attempts,high_danger_shots,0.6193558219792289,0.6193558219792289,spearman,9963
medium_danger_shots,low_danger_shots,0.6182267632873069,0.6182267632873069,distance_correlation,9963
power_play_goals,captain,0.6161739528886052,0.6161739528886052,spearman,9963
medium_danger_shots,low_danger_shots,-0.6145052224013838,0.6145052224013838,pearson,9963
shooting_percentage_calculated,captain,0.6118443878674715,0.6118443878674715,distance_correlation,9963
medium_danger_shots,low_danger_shots,-0.609307483361703,0.609307483361703,spearman,9963
shoe_size,body_fat_percentage,0.6032602691622133,0.6032602691622133,distance_correlation,9963
height,shoe_size,0.6025721231073067,0.6025721231073067,mutual_information_num_num,9913
number_of_previous_teams,years_played,0.6009173965378218,0.6009173965378218,spearman,9794
time_on_ice,penalty_kill_time,-0.5995156486290549,0.5995156486290549,pearson,9961
puck_touches,puck_possession_time,0.5895378063598424,0.5895378063598424,distance_correlation,9963
shot_attempts,high_danger_shots,0.5881972410018542,0.5881972410018542,distance_correlation,9963
golden_tipps,selection_probability,0.585041990913587,0.585041990913587,mutual_information_cat_num,10000
birth_city,nationality,0.575128898366349,0.575128898366349,mutual_information_cat_cat,9963
years_played,age,0.5728552611566933,0.5728552611566933,mutual_information_num_num,9833
puck_possession_time,passes_attempted,0.5709593956707745,0.5709593956707745,distance_correlation,9963
goals,captain,0.5660539442145482,0.5660539442145482,spearman,9963
draft_year,years_played,0.565573336527661,0.565573336527661,mutual_information_num_num,9923
shooting_percentage_calculated,captain,0.5533776915708757,0.5533776915708757,spearman,9963
penalties_taken,time_between_penalties,-0.5489591012314334,0.5489591012314334,spearman,9963
num_of_shots,shooting_percentage_calculated,-0.5477606158483174,0.5477606158483174,pearson,9963
fitness_level,pass_completion_rate,0.5391343018517154,0.5391343018517154,mutual_information_cat_num,9533
penalty_kill_time,time_between_penalties,-0.533996608662832,0.533996608662832,pearson,9963
number_of_previous_teams,years_played,0.5269360124498349,0.5269360124498349,pearson,9794
salary,power_play_goals,0.5212794435050931,0.5212794435050931,pearson,9963
penalty_kill_time,time_between_penalties,0.5209888213805208,0.5209888213805208,distance_correlation,9963
salary,power_play_goals,0.5175902209789335,0.5175902209789335,spearman,9963
goals,power_play_goals,0.5163872374538419,0.5163872374538419,mutual_information_num_num,9963
puck_touches,puck_possession_time,0.5120368413863691,0.5120368413863691,spearman,9963
passes_completed,pass_completion_rate,0.5067834066933163,0.5067834066933163,mutual_information_num_num,9963
puck_possession_time,passes_completed,0.5062352671866875,0.5062352671866875,pearson,9963
captain,power_play_goals,0.5055299422375757,0.5055299422375757,eta_squared,9963
shooting_percentage_calculated,captain,0.500829812710829,0.500829812710829,pearson,9963
num_of_shots,shot_attempts,0.5002749918023661,0.5002749918023661,pearson,9963
experience_level,number_of_previous_teams,0.4994517644795917,0.4994517644795917,mutual_information_cat_num,9794
power_play_goals,shooting_percentage_calculated,0.4965823142730621,0.4965823142730621,mutual_information_num_num,9963
number_of_previous_teams,years_played,0.4936037411725897,0.4936037411725897,distance_correlation,9794
num_of_shots,high_danger_shots,0.4883088111740202,0.4883088111740202,spearman,9963
salary,power_play_goals,0.4865934833614702,0.4865934833614702,distance_correlation,9963
time_on_ice,penalty_kill_time,-0.4814703435501254,0.4814703435501254,spearman,9961
penalty_kill_time,time_between_penalties,-0.4779871009835379,0.4779871009835379,spearman,9963
penalties_taken,time_between_penalties,0.4733733937673314,0.4733733937673314,distance_correlation,9963
puck_possession_time,passes_attempted,0.471727529550305,0.471727529550305,spearman,9963
number_of_previous_teams,years_pro,0.4629477182993477,0.4629477182993477,spearman,9794
puck_touches,puck_possession_time,0.4618942442698649,0.4618942442698649,mutual_information_num_num,9963
num_of_shots,shooting_percentage_calculated,0.4614627884573546,0.4614627884573546,mutual_information_num_num,9963
puck_possession_time,passes_completed,0.4517764416036125,0.4517764416036125,distance_correlation,9963
num_of_shots,high_danger_shots,0.4505597266785373,0.4505597266785373,distance_correlation,9963
assists,power_play_goals,0.4471564196913634,0.4471564196913634,pearson,9963
assists,power_play_goals,0.4449952877621276,0.4449952877621276,spearman,9963
draft_year,years_pro,0.4426287317013028,0.4426287317013028,mutual_information_num_num,9923
weight,body_fat_percentage,0.4420336412354687,0.4420336412354687,pearson,9963
goals_against_total,goals_against_average,0.4403089447060648,0.4403089447060648,mutual_information_num_num,9963
jersey_number,low_danger_shots,0.4400435882829359,0.4400435882829359,distance_correlation,9963
number_of_previous_teams,years_pro,0.4386806430936421,0.4386806430936421,pearson,9794
jersey_number,medium_danger_shots,0.4369785847220221,0.4369785847220221,distance_correlation,9963
salary,passes_attempted,0.4366062562629952,0.4366062562629952,spearman,9963
years_pro,age,0.4332075335534511,0.4332075335534511,mutual_information_num_num,9833
salary,captain,0.4285219466289635,0.4285219466289635,pearson,9963
return_date,games_missed_due_to_injury,0.4283061529183896,0.4283061529183896,mutual_information_cat_num,9963
penalties_taken,time_between_penalties,-0.4225390414453597,0.4225390414453597,pearson,9963
captain,goals,0.4203368044789903,0.4203368044789903,eta_squared,9963
jersey_number,low_danger_shots,0.4198602891344542,0.4198602891344542,pearson,9963
assists,power_play_goals,0.4158396631938356,0.4158396631938356,distance_correlation,9963
passes_attempted,passes_completed,0.4141873162844578,0.4141873162844578,mutual_information_num_num,9963
weight,body_fat_percentage,0.4100991093076556,0.4100991093076556,spearman,9963
jersey_number,medium_danger_shots,-0.4093139822075511,0.4093139822075511,pearson,9963
salary,captain,0.407499207661233,0.407499207661233,distance_correlation,9963
jersey_number,low_danger_shots,0.4033813262287999,0.4033813262287999,mutual_information_num_num,9963
jersey_number,medium_danger_shots,0.4027841778648217,0.4027841778648217,mutual_information_num_num,9963
number_of_previous_teams,years_pro,0.40003450344969,0.40003450344969,distance_correlation,9794
shot_attempts,medium_danger_shots,0.3983076705302731,0.3983076705302731,pearson,9963
weight,body_fat_percentage,0.3979390470681758,0.3979390470681758,distance_correlation,9963
salary,goals,0.3970882033005621,0.3970882033005621,pearson,9963
salary,passes_attempted,0.3946429172712595,0.3946429172712595,pearson,9963
puck_possession_time,passes_completed,0.3875238665371692,0.3875238665371692,spearman,9963
salary,goals,0.385258008365631,0.385258008365631,spearman,9963
salary,passes_attempted,0.3838433997557136,0.3838433997557136,distance_correlation,9963
shot_attempts,medium_danger_shots,0.3829609998686632,0.3829609998686632,spearman,9963
number_of_previous_teams,age,0.3784455741649651,0.3784455741649651,spearman,9665
draft_year,number_of_previous_teams,-0.3779644966907451,0.3779644966907451,spearman,9754
salary,shooting_percentage_calculated,0.376140963417183,0.376140963417183,spearman,9963
salary,captain,0.3752584994608756,0.3752584994608756,spearman,9963
salary,goals,0.3642365740424967,0.3642365740424967,distance_correlation,9963
time_on_ice,penalty_kill_time,0.3611361205026278,0.3611361205026278,mutual_information_num_num,9961
position,goals_against_average,0.3592580039924171,0.3592580039924171,mutual_information_cat_num,9963
jersey_number,medium_danger_shots,-0.3591909594047516,0.3591909594047516,spearman,9963
position,goals_against_total,0.3582721421689243,0.3582721421689243,mutual_information_cat_num,9963
shot_attempts,low_danger_shots,0.3568044562654642,0.3568044562654642,pearson,9963
return_date,games_missed_due_to_injury,0.3555963788722131,0.3555963788722131,eta_squared,9963
shot_attempts,medium_danger_shots,0.3552712562112068,0.3552712562112068,distance_correlation,9963
assists,passes_attempted,0.3548649608813182,0.3548649608813182,spearman,9963
jersey_number,low_danger_shots,0.3514651315434849,0.3514651315434849,spearman,9963
salary,shooting_percentage_calculated,0.3513182365498215,0.3513182365498215,distance_correlation,9963
salary,passes_completed,0.3440004627674984,0.3440004627674984,spearman,9963
salary,games_missed_due_to_injury,0.343503074474069,0.343503074474069,spearman,9963
shot_attempts,low_danger_shots,0.3363600003611938,0.3363600003611938,spearman,9963
number_of_previous_teams,age,0.3336084125817327,0.3336084125817327,mutual_information_num_num,9665
salary,assists,0.3317390712249116,0.3317390712249116,spearman,9963
salary,passes_completed,0.3301405568847104,0.3301405568847104,pearson,9963
fitness_level,passes_completed,0.3273200424501158,0.3273200424501158,eta_squared,9533
salary,passes_completed,0.3255614752441946,0.3255614752441946,distance_correlation,9963
salary,assists,0.3249136366519822,0.3249136366519822,pearson,9963
captain,power_play_goals,0.3185968029137987,0.3185968029137987,mutual_information_cat_num,9963
num_of_shots,medium_danger_shots,0.3180230683160564,0.3180230683160564,spearman,9963
number_of_previous_teams,years_played,0.3178579662446392,0.3178579662446392,mutual_information_num_num,9794
draft_year,number_of_previous_teams,0.31777259870275,0.31777259870275,mutual_information_num_num,9754
salary,games_missed_due_to_injury,0.3171632044815937,0.3171632044815937,distance_correlation,9963
power_play_goals,games_missed_due_to_injury,0.3146144648958447,0.3146144648958447,spearman,9963
num_of_shots,high_danger_shots,0.3114261290084364,0.3114261290084364,pearson,9963
salary,games_missed_due_to_injury,0.3110237209013163,0.3110237209013163,pearson,9963
time_on_ice,time_between_penalties,0.3103229350016391,0.3103229350016391,mutual_information_num_num,9961
salary,shooting_percentage_calculated,0.308947853669567,0.308947853669567,pearson,9963
shot_attempts,low_danger_shots,0.3087507168608626,0.3087507168608626,distance_correlation,9963
puck_touches,passes_completed,0.3073623769124344,0.3073623769124344,mutual_information_num_num,9963
assists,games_missed_due_to_injury,0.3065719380519083,0.3065719380519083,mutual_information_num_num,9963
number_of_previous_teams,age,0.3060004376837067,0.3060004376837067,distance_correlation,9665
penalty_kill_time,goals_against_total,-0.3054898955964375,0.3054898955964375,pearson,9963
draft_year,number_of_previous_teams,0.3051156030878114,0.3051156030878114,distance_correlation,9754
salary,assists,0.3048687794813404,0.3048687794813404,distance_correlation,9963
power_play_goals,games_missed_due_to_injury,0.3034611229077125,0.3034611229077125,pearson,9963
penalty_kill_time,goals_against_total,-0.3019984045177789,0.3019984045177789,spearman,9963
number_of_previous_teams,age,0.3019176225313925,0.3019176225313925,pearson,9665
draft_year,number_of_previous_teams,-0.3007349703513616,0.3007349703513616,pearson,9754
salary,puck_touches,0.2983416705617171,0.2983416705617171,pearson,9963
number_of_previous_teams,pass_completion_rate,0.2979661698850372,0.2979661698850372,pearson,9794
salary,puck_touches,0.2967751254793286,0.2967751254793286,spearman,9963
penalty_kill_time,goals_against_total,0.2947801501408919,0.2947801501408919,distance_correlation,9963
salary,puck_touches,0.2945636821997893,0.2945636821997893,distance_correlation,9963
height,body_fat_percentage,0.2925480234231498,0.2925480234231498,mutual_information_num_num,9913
power_play_goals,games_missed_due_to_injury,0.2907921582417774,0.2907921582417774,distance_correlation,9963
penalty_kill_time,goals_against_average,-0.28900176600074,0.28900176600074,spearman,9963
num_of_shots,medium_danger_shots,0.2880804579005088,0.2880804579005088,distance_correlation,9963
assists,passes_attempted,0.2789611438150943,0.2789611438150943,distance_correlation,9963
passes_attempted,games_missed_due_to_injury,0.2787539325973028,0.2787539325973028,spearman,9963
number_of_previous_teams,pass_completion_rate,0.2759859453379366,0.2759859453379366,distance_correlation,9794
num_of_shots,low_danger_shots,0.2743163003070906,0.2743163003070906,spearman,9963
number_of_previous_teams,pass_completion_rate,0.2721642603879978,0.2721642603879978,spearman,9794
position,salary,0.2718985817173548,0.2718985817173548,eta_squared,9963
assists,passes_attempted,0.271779496122618,0.271779496122618,pearson,9963
penalty_kill_time,goals_against_average,0.2678971006043154,0.2678971006043154,distance_correlation,9963
fitness_level,passes_completed,0.2659591244786691,0.2659591244786691,mutual_information_cat_num,9533
assists,captain,0.2649549161513241,0.2649549161513241,pearson,9963
shot_attempts,puck_touches,0.2615210559714117,0.2615210559714117,pearson,9963
num_of_shots,shooting_percentage_calculated,0.2605682677562894,0.2605682677562894,distance_correlation,9963
captain,shooting_percentage_calculated,0.2508305012999675,0.2508305012999675,eta_squared,9963
shot_attempts,puck_touches,0.2483203574129466,0.2483203574129466,spearman,9963
selection_probability,won_championship,0.2473558548773445,0.2473558548773445,spearman,10000
shot_attempts,passes_attempted,0.2467291753228013,0.2467291753228013,pearson,9963
num_of_shots,low_danger_shots,0.2465117218918857,0.2465117218918857,distance_correlation,9963
assists,captain,0.2454790643761626,0.2454790643761626,distance_correlation,9963
selection_probability,won_championship,0.2442719856038773,0.2442719856038773,pearson,10000
assists,captain,0.2438951373387257,0.2438951373387257,spearman,9963
shot_attempts,puck_touches,0.2431158299310579,0.2431158299310579,distance_correlation,9963
time_on_ice,games_missed_due_to_injury,0.2414372923330277,0.2414372923330277,pearson,9961
shoe_size,body_fat_percentage,0.2376856509128527,0.2376856509128527,mutual_information_num_num,9963
selection_probability,won_championship,0.2363231033573351,0.2363231033573351,distance_correlation,10000
penalty_kill_time,penalties_taken,0.2359422950158415,0.2359422950158415,pearson,9963
penalty_kill_time,goals_against_average,-0.2333725197918096,0.2333725197918096,pearson,9963
penalty_kill_time,penalties_taken,0.2332298632977821,0.2332298632977821,spearman,9963
position,salary,0.2320239217747297,0.2320239217747297,mutual_information_cat_num,9963
medium_danger_shots,low_danger_shots,0.2315166956764042,0.2315166956764042,mutual_information_num_num,9963
birth_city,number_of_previous_teams,0.230351163114534,0.230351163114534,mutual_information_cat_num,9794
shot_attempts,passes_attempted,0.2299196126700242,0.2299196126700242,distance_correlation,9963
shot_attempts,high_danger_shots,0.228038079202671,0.228038079202671,mutual_information_num_num,9963
return_date,assists,0.227775391768896,0.227775391768896,eta_squared,9963
assists,passes_attempted,0.2273998110408222,0.2273998110408222,mutual_information_num_num,9963
shot_attempts,passes_attempted,0.2255728551898778,0.2255728551898778,spearman,9963
number_of_previous_teams,years_pro,0.2209901222156082,0.2209901222156082,mutual_information_num_num,9794
captain,goals,0.2207026238099722,0.2207026238099722,mutual_information_cat_num,9963
penalty_kill_time,penalties_taken,0.2203826603784602,0.2203826603784602,distance_correlation,9963
age,games_missed_due_to_injury,0.2186862468724267,0.2186862468724267,pearson,9833
high_danger_shots,puck_touches,0.2183055411688753,0.2183055411688753,pearson,9963
salary,puck_possession_time,0.2170310352691285,0.2170310352691285,pearson,9963
passes_attempted,games_missed_due_to_injury,0.216938893300158,0.216938893300158,distance_correlation,9963
captain,shooting_percentage_calculated,0.215536100959522,0.215536100959522,mutual_information_cat_num,9963
high_danger_shots,puck_touches,0.215496356048769,0.215496356048769,spearman,9963
high_danger_shots,passes_attempted,0.2130696150171402,0.2130696150171402,pearson,9963
time_on_ice,games_missed_due_to_injury,0.2105830051132871,0.2105830051132871,distance_correlation,9961
puck_possession_time,passes_attempted,0.2095588814328489,0.2095588814328489,mutual_information_num_num,9963
number_of_previous_teams,passes_completed,0.2075895339730296,0.2075895339730296,spearman,9794
salary,years_pro,0.2073429024480945,0.2073429024480945,spearman,9963
high_danger_shots,puck_touches,0.2073336447095394,0.2073336447095394,distance_correlation,9963
num_of_shots,medium_danger_shots,0.2064298096592108,0.2064298096592108,pearson,9963
number_of_previous_teams,passes_completed,0.2062104926687908,0.2062104926687908,pearson,9794
assists,passes_completed,0.2054987086881832,0.2054987086881832,spearman,9963
passes_attempted,games_missed_due_to_injury,0.205340550687987,0.205340550687987,pearson,9963
high_danger_shots,passes_attempted,0.2044115690955378,0.2044115690955378,spearman,9963
assists,passes_completed,0.2022587518558866,0.2022587518558866,pearson,9963
golden_tipps,selection_probability,0.2017380988976021,0.2017380988976021,eta_squared,10000
high_danger_shots,passes_attempted,0.2014572215335467,0.2014572215335467,distance_correlation,9963
experience_level,birth_city,0.2014182971773015,0.2014182971773015,cramers_v,9963
penalty_kill_time,pass_completion_rate,0.2009466508230557,0.2009466508230557,spearman,9963
number_of_previous_teams,passes_completed,0.2003346031270496,0.2003346031270496,distance_correlation,9794
power_play_goals,passes_attempted,0.1977838202213425,0.1977838202213425,spearman,9963
salary,puck_possession_time,0.1952620724447437,0.1952620724447437,distance_correlation,9963
draft_year,games_missed_due_to_injury,-0.1938589782695759,0.1938589782695759,pearson,9923
training_pct,selection_probability,0.1913522665654566,0.1913522665654566,mutual_information_num_num,9487
assists,passes_completed,0.1901074785384889,0.1901074785384889,distance_correlation,9963
penalty_kill_time,pass_completion_rate,0.1892130331109535,0.1892130331109535,pearson,9963
jersey_number,games_missed_due_to_injury,0.1891850404531019,0.1891850404531019,pearson,9963
age,games_missed_due_to_injury,0.1890544581922877,0.1890544581922877,distance_correlation,9833
jersey_number,games_missed_due_to_injury,0.1843264144172334,0.1843264144172334,distance_correlation,9963
salary,years_pro,0.1843142534784386,0.1843142534784386,distance_correlation,9963
salary,power_play_goals,0.1842300995915281,0.1842300995915281,mutual_information_num_num,9963
captain,salary,0.1836310587426781,0.1836310587426781,eta_squared,9963
penalty_kill_time,pass_completion_rate,0.1832545652444982,0.1832545652444982,distance_correlation,9963
shot_attempts,passes_completed,0.1828220295654109,0.1828220295654109,pearson,9963
salary,years_played,0.1826420957232026,0.1826420957232026,spearman,9963
passes_attempted,pass_completion_rate,0.1825381136925969,0.1825381136925969,distance_correlation,9963
goals_against_average,games_missed_due_to_injury,-0.1820471686854199,0.1820471686854199,spearman,9963
jersey_number,games_missed_due_to_injury,0.1787366701158073,0.1787366701158073,spearman,9963
time_on_ice,games_missed_due_to_injury,0.1761860966760118,0.1761860966760118,spearman,9961
salary,puck_possession_time,0.1755285100209327,0.1755285100209327,spearman,9963
num_of_shots,low_danger_shots,0.1747208591540322,0.1747208591540322,pearson,9963
goals_against_total,games_missed_due_to_injury,-0.1741694305794712,0.1741694305794712,spearman,9963
goals_against_average,games_missed_due_to_injury,0.1735182202044882,0.1735182202044882,distance_correlation,9963
penalties_taken,time_between_penalties,0.1730635615290734,0.1730635615290734,mutual_information_num_num,9963
passes_attempted,pass_completion_rate,0.171551769267298,0.171551769267298,spearman,9963
draft_year,games_missed_due_to_injury,0.171412200654072,0.171412200654072,distance_correlation,9923
games_missed_due_to_injury,captain,0.1703341279841566,0.1703341279841566,pearson,9963
goals_against_average,games_missed_due_to_injury,-0.170223395171983,0.170223395171983,pearson,9963
puck_touches,pass_completion_rate,0.169619106608559,0.169619106608559,distance_correlation,9963
time_between_penalties,games_missed_due_to_injury,0.1693531975308331,0.1693531975308331,pearson,9963
salary,years_played,0.1692785851584887,0.1692785851584887,distance_correlation,9963
salary,years_pro,0.1690176429145627,0.1690176429145627,pearson,9963
birth_city,number_of_previous_teams,0.1686109379638979,0.1686109379638979,eta_squared,9794
shot_attempts,passes_completed,0.1674260832243896,0.1674260832243896,distance_correlation,9963
games_missed_due_to_injury,captain,0.1667722841947757,0.1667722841947757,spearman,9963
age,games_missed_due_to_injury,0.163756533682096,0.163756533682096,spearman,9833
shot_attempts,passes_completed,0.1636127385621924,0.1636127385621924,spearman,9963
games_missed_due_to_injury,captain,0.1631451521716385,0.1631451521716385,distance_correlation,9963
training_pct,selection_probability,0.1617803075043179,0.1617803075043179,distance_correlation,9487
passes_completed,games_missed_due_to_injury,0.161107256539387,0.161107256539387,spearman,9963
high_danger_shots,passes_completed,0.1611005646481101,0.1611005646481101,pearson,9963
shot_attempts,puck_possession_time,0.1609853718375264,0.1609853718375264,pearson,9963
experience_level,selection_probability,0.1593272235231253,0.1593272235231253,eta_squared,9963
goals,selection_probability,0.1586856577084594,0.1586856577084594,distance_correlation,9963
goals_against_total,games_missed_due_to_injury,0.1574796405176148,0.1574796405176148,distance_correlation,9963
passes_attempted,pass_completion_rate,0.1569399020382056,0.1569399020382056,pearson,9963
penalty_kill_time,passes_completed,0.1567467331976172,0.1567467331976172,spearman,9963
penalty_kill_time,time_between_penalties,0.1566393340989537,0.1566393340989537,mutual_information_num_num,9963
draft_year,games_missed_due_to_injury,-0.1564605220965683,0.1564605220965683,spearman,9923
passes_completed,games_missed_due_to_injury,0.1546699733885488,0.1546699733885488,pearson,9963
power_play_goals,passes_attempted,0.1536478250732191,0.1536478250732191,distance_correlation,9963
num_of_shots,shooting_percentage_calculated,-0.1507319170014882,0.1507319170014882,spearman,9963
shooting_percentage_calculated,selection_probability,0.1495898004596874,0.1495898004596874,distance_correlation,9963
passes_completed,games_missed_due_to_injury,0.1491405005214416,0.1491405005214416,distance_correlation,9963
salary,years_played,0.1481372606749122,0.1481372606749122,pearson,9963
power_play_goals,passes_attempted,0.147908713289148,0.147908713289148,pearson,9963
return_date,assists,0.1477831072646414,0.1477831072646414,mutual_information_cat_num,9963
high_danger_shots,passes_completed,0.1469444517894998,0.1469444517894998,spearman,9963
golden_tipps,won_championship,0.1466291256575941,0.1466291256575941,cramers_v,10000
puck_touches,pass_completion_rate,0.1464346514075493,0.1464346514075493,spearman,9963
shot_attempts,puck_possession_time,0.1453071392842852,0.1453071392842852,distance_correlation,9963
high_danger_shots,passes_completed,0.145193721572102,0.145193721572102,distance_correlation,9963
salary,age,0.1442848706589724,0.1442848706589724,spearman,9833
school_grade,selection_probability,0.1431444672080427,0.1431444672080427,distance_correlation,9963
salary,draft_year,-0.1428004037988836,0.1428004037988836,spearman,9923
penalty_kill_time,passes_completed,0.141476588419406,0.141476588419406,pearson,9963
selection_probability,captain,-0.1413428847153151,0.1413428847153151,spearman,10000
puck_touches,pass_completion_rate,0.1410664975132937,0.1410664975132937,pearson,9963
selection_probability,captain,-0.1404230581616165,0.1404230581616165,pearson,10000
penalty_kill_time,passes_completed,0.1400158648951481,0.1400158648951481,distance_correlation,9963
time_between_penalties,games_missed_due_to_injury,0.1390939713885291,0.1390939713885291,distance_correlation,9963
puck_possession_time,pass_completion_rate,0.1390929941362723,0.1390929941362723,distance_correlation,9963
goals_against_total,games_missed_due_to_injury,-0.1385932966569381,0.1385932966569381,pearson,9963
salary,pass_completion_rate,0.1374821996457394,0.1374821996457394,spearman,9963
return_date,captain,0.1370845955148347,0.1370845955148347,cramers_v,9963
selection_probability,captain,0.1367780957078146,0.1367780957078146,distance_correlation,10000
high_danger_shots,puck_possession_time,0.1365237622478334,0.1365237622478334,pearson,9963
num_of_shots,high_danger_shots,0.135789603120594,0.135789603120594,mutual_information_num_num,9963
shot_attempts,puck_possession_time,0.134424730264016,0.134424730264016,spearman,9963
training_pct,avg_shoot_speed,-0.1334739491095213,0.1334739491095213,pearson,9487
training_pct,shot_power_score,-0.1330478106049,0.1330478106049,pearson,8341
training_pct,shot_power_score,-0.1325594642735888,0.1325594642735888,spearman,8341
years_played,games_missed_due_to_injury,0.1319153712958276,0.1319153712958276,pearson,9963
training_pct,avg_shoot_speed,-0.1315378995361232,0.1315378995361232,spearman,9487
puck_possession_time,passes_completed,0.129052386987727,0.129052386987727,mutual_information_num_num,9963
birth_city,eye_color,0.1288778991458727,0.1288778991458727,cramers_v,9703
puck_possession_time,pass_completion_rate,0.1286244766731336,0.1286244766731336,spearman,9963
salary,goals_against_average,0.1283651469290001,0.1283651469290001,spearman,9963
salary,goals_against_total,0.1280005087824456,0.1280005087824456,spearman,9963
salary,pass_completion_rate,0.1262790448675786,0.1262790448675786,distance_correlation,9963
high_danger_shots,puck_possession_time,0.1261135658303739,0.1261135658303739,distance_correlation,9963
salary,age,0.1254113157749503,0.1254113157749503,distance_correlation,9833
training_pct,shot_power_score,0.1253705603293025,0.1253705603293025,distance_correlation,8341
salary,draft_year,0.1252796998801144,0.1252796998801144,distance_correlation,9923
puck_possession_time,pass_completion_rate,0.1247629603316938,0.1247629603316938,pearson,9963
number_of_previous_teams,selection_probability,0.1246842704406786,0.1246842704406786,distance_correlation,9794
training_pct,avg_shoot_speed,0.1241606950436408,0.1241606950436408,distance_correlation,9487
penalty_kill_time,games_missed_due_to_injury,0.1239913915258226,0.1239913915258226,distance_correlation,9963
experience_level,golden_tipps,0.1225778660607214,0.1225778660607214,cramers_v,9963
years_played,games_missed_due_to_injury,0.1217929866724426,0.1217929866724426,spearman,9963
medium_danger_shots,puck_touches,0.1203058587501798,0.1203058587501798,pearson,9963
position,penalty_kill_time,0.1202052370580201,0.1202052370580201,eta_squared,9963
time_between_penalties,games_missed_due_to_injury,0.1190549056279845,0.1190549056279845,spearman,9963
avg_shoot_speed,selection_probability,0.1187028330192095,0.1187028330192095,mutual_information_num_num,10000
position,return_date,0.1182711820039606,0.1182711820039606,cramers_v,9963
pass_completion_rate,selection_probability,0.1179279186752117,0.1179279186752117,distance_correlation,9963
assists,power_play_goals,0.1160675385015871,0.1160675385015871,mutual_information_num_num,9963
shot_attempts,medium_danger_shots,0.1157385135000925,0.1157385135000925,mutual_information_num_num,9963
save_percentage,goals_against_average,-0.1150936423456157,0.1150936423456157,pearson,9963
years_played,games_missed_due_to_injury,0.1149838927628931,0.1149838927628931,distance_correlation,9963
high_danger_shots,puck_possession_time,0.1138206745255629,0.1138206745255629,spearman,9963
shot_power_score,selection_probability,0.1130354402971228,0.1130354402971228,mutual_information_num_num,8798
medium_danger_shots,puck_touches,0.1123383765879917,0.1123383765879917,spearman,9963
save_percentage,goals_against_total,-0.1120808639451709,0.1120808639451709,pearson,9963
save_percentage,goals_against_average,0.1114079066067211,0.1114079066067211,distance_correlation,9963
penalty_kill_time,games_missed_due_to_injury,-0.1107520572438704,0.1107520572438704,pearson,9963
medium_danger_shots,passes_attempted,0.110649210863577,0.110649210863577,pearson,9963
medium_danger_shots,puck_touches,0.1106407094989558,0.1106407094989558,distance_correlation,9963
salary,pass_completion_rate,0.1102507213076055,0.1102507213076055,pearson,9963
power_play_goals,passes_completed,0.1098996521347892,0.1098996521347892,spearman,9963
salary,passes_attempted,0.1098945491505568,0.1098945491505568,mutual_information_num_num,9963
experience_level,pass_completion_rate,0.10910529518719,0.10910529518719,eta_squared,9963
save_percentage,goals_against_total,0.1085850482776355,0.1085850482776355,distance_correlation,9963
passes_attempted,games_missed_due_to_injury,0.1079157231918386,0.1079157231918386,mutual_information_num_num,9963
salary,penalty_kill_time,0.107857296058316,0.107857296058316,distance_correlation,9963
shot_attempts,shooting_percentage_calculated,-0.107675353219887,0.107675353219887,spearman,9963
power_play_goals,selection_probability,0.1073361101618844,0.1073361101618844,distance_correlation,9963
weight,body_fat_percentage,0.1061694629530304,0.1061694629530304,mutual_information_num_num,9963
salary,penalty_kill_time,0.105966616655196,0.105966616655196,spearman,9963
salary,goals_against_average,0.1040134001714863,0.1040134001714863,distance_correlation,9963
salary,number_of_previous_teams,0.1038844665909333,0.1038844665909333,spearman,9794
dominant_hand,birth_city,0.1035000348534596,0.1035000348534596,cramers_v,9349
fitness_level,selection_probability,0.103453598041084,0.103453598041084,eta_squared,9533
shot_power_score,selection_probability,0.1032862919373601,0.1032862919373601,distance_correlation,8798
salary,goals_against_total,0.103277807719612,0.103277807719612,distance_correlation,9963
years_played,pass_completion_rate,0.1029092391567238,0.1029092391567238,spearman,9963
power_play_goals,passes_completed,0.1027139025069728,0.1027139025069728,distance_correlation,9963
jersey_number,selection_probability,0.10264870102537,0.10264870102537,distance_correlation,9963
avg_shoot_speed,selection_probability,0.1022946634641131,0.1022946634641131,distance_correlation,10000
medium_danger_shots,games_missed_due_to_injury,0.1022016173474167,0.1022016173474167,distance_correlation,9963
medium_danger_shots,games_missed_due_to_injury,-0.1021229065819555,0.1021229065819555,spearman,9963
salary,penalty_kill_time,0.1018347187190261,0.1018347187190261,pearson,9963
power_play_goals,passes_completed,0.1010374159811553,0.1010374159811553,pearson,9963
medium_danger_shots,passes_attempted,0.1007853001331414,0.1007853001331414,distance_correlation,9963
shot_attempts,shooting_percentage_calculated,0.1006130400891532,0.1006130400891532,distance_correlation,9963
experience_level,pass_completion_rate,0.1004890997415378,0.1004890997415378,mutual_information_cat_num,9963
salary,draft_year,-0.1003464065537273,0.1003464065537273,pearson,9923
years_played,pass_completion_rate,0.0994601279604441,0.0994601279604441,pearson,9963
medium_danger_shots,games_missed_due_to_injury,-0.0990170176069198,0.0990170176069198,pearson,9963
penalties_taken,goals_against_total,-0.0989342571179364,0.0989342571179364,spearman,9963
penalties_taken,goals_against_average,-0.0987300794508325,0.0987300794508325,spearman,9963
medium_danger_shots,passes_attempted,0.0984596574329663,0.0984596574329663,spearman,9963
salary,high_danger_shots,0.0978636860705085,0.0978636860705085,spearman,9963
gender,birth_city,0.0977346392593321,0.0977346392593321,cramers_v,9041
number_of_previous_teams,selection_probability,-0.0973720811498777,0.0973720811498777,pearson,9794
salary,age,0.0963700782873344,0.0963700782873344,pearson,9833
salary,high_danger_shots,0.0957052357878275,0.0957052357878275,pearson,9963
shot_attempts,shooting_percentage_calculated,-0.0952488216914057,0.0952488216914057,pearson,9963
penalties_taken,goals_against_average,0.0943797911819658,0.0943797911819658,distance_correlation,9963
birth_city,has_medical_note,0.0935015556534344,0.0935015556534344,cramers_v,9963
penalties_taken,goals_against_total,0.0932975996717482,0.0932975996717482,distance_correlation,9963
experience_level,years_played,0.0923866633158947,0.0923866633158947,eta_squared,9963
years_played,pass_completion_rate,0.0920349009311113,0.0920349009311113,distance_correlation,9963
birth_city,locker_room_role,0.0913928340149845,0.0913928340149845,cramers_v,9963
experience_level,years_played,0.0910169275266932,0.0910169275266932,mutual_information_cat_num,9963
salary,goals,0.090918894493189,0.090918894493189,mutual_information_num_num,9963
penalties_taken,goals_against_total,-0.0908376879215088,0.0908376879215088,pearson,9963
birth_city,fitness_level,0.0905886749946562,0.0905886749946562,cramers_v,9533
birth_city,helmet_brand,0.0898604311432801,0.0898604311432801,cramers_v,9963
salary,high_danger_shots,0.0886432341063128,0.0886432341063128,distance_correlation,9963
number_of_previous_teams,selection_probability,-0.0883949619245383,0.0883949619245383,spearman,9794
salary,shooting_percentage_calculated,0.0882442932712156,0.0882442932712156,mutual_information_num_num,9963
penalties_taken,goals_against_average,-0.0878432746341776,0.0878432746341776,pearson,9963
low_danger_shots,games_missed_due_to_injury,0.0877424996554974,0.0877424996554974,pearson,9963
birth_city,tape_color,0.0877346461867469,0.0877346461867469,cramers_v,9963
fitness_level,golden_tipps,0.0867657943906134,0.0867657943906134,cramers_v,9533
low_danger_shots,games_missed_due_to_injury,0.0864893486500599,0.0864893486500599,distance_correlation,9963
birth_city,pregame_music_genre,0.085490459004905,0.085490459004905,cramers_v,9963
position,penalty_kill_time,0.08540504702637,0.08540504702637,mutual_information_cat_num,9963
time_between_penalties,goals_against_total,0.0850581313569901,0.0850581313569901,pearson,9963
birth_city,golden_tipps,0.0849883529214554,0.0849883529214554,cramers_v,9963
goals_against_average,passes_attempted,-0.0849261766265857,0.0849261766265857,spearman,9963
goals_against_total,passes_attempted,-0.0845940418538682,0.0845940418538682,spearman,9963
experience_level,selection_probability,0.0836735933078977,0.0836735933078977,mutual_information_cat_num,9963
medium_danger_shots,passes_completed,0.0835968864753994,0.0835968864753994,pearson,9963
salary,number_of_previous_teams,0.0834174629745788,0.0834174629745788,pearson,9794
low_danger_shots,games_missed_due_to_injury,0.083148224102852,0.083148224102852,spearman,9963
birth_city,left_skate_first,0.083022612120428,0.083022612120428,cramers_v,9963
captain,salary,0.0828639274473176,0.0828639274473176,mutual_information_cat_num,9963
salary,number_of_previous_teams,0.0825926408987011,0.0825926408987011,distance_correlation,9794
position,birth_city,0.0824064295000808,0.0824064295000808,cramers_v,9963
birth_city,return_date,0.0816743364495636,0.0816743364495636,cramers_v,9963
high_danger_shots,medium_danger_shots,0.0812246361001037,0.0812246361001037,pearson,9963
salary,assists,0.0805464692403569,0.0805464692403569,mutual_information_num_num,9963
salary,shot_attempts,0.0804278140994615,0.0804278140994615,spearman,9963
years_pro,games_missed_due_to_injury,0.0802770074927434,0.0802770074927434,pearson,9963
years_pro,pass_completion_rate,0.0798288225804108,0.0798288225804108,pearson,9963
birth_city,captain,0.0797376083362175,0.0797376083362175,cramers_v,9963
birth_city,won_championship,0.0796837679595846,0.0796837679595846,cramers_v,9963
golden_tipps,captain,0.0792824462674792,0.0792824462674792,cramers_v,10000
years_pro,pass_completion_rate,0.0788713067827647,0.0788713067827647,spearman,9963
school_grade,selection_probability,0.078714761554397,0.078714761554397,mutual_information_num_num,9963
shot_attempts,low_danger_shots,0.0782411356463963,0.0782411356463963,mutual_information_num_num,9963
number_of_previous_teams,pass_completion_rate,0.0782360910782442,0.0782360910782442,mutual_information_num_num,9794
nationality,eye_color,0.0780808643809061,0.0780808643809061,cramers_v,9703
number_of_previous_teams,games_missed_due_to_injury,0.0771591718028963,0.0771591718028963,pearson,9794
years_played,passes_completed,0.0768893448416217,0.0768893448416217,spearman,9963
number_of_previous_teams,games_missed_due_to_injury,0.0765890662188285,0.0765890662188285,spearman,9794
birth_city,brings_backup_stick,0.076554462391025,0.076554462391025,cramers_v,9963
birth_city,uses_tinted_visor,0.0764893254341125,0.0764893254341125,cramers_v,9963
passes_attempted,captain,0.0760162712085032,0.0760162712085032,spearman,9963
high_danger_shots,medium_danger_shots,0.0760153531149598,0.0760153531149598,spearman,9963
return_date,has_medical_note,0.0756066931812263,0.0756066931812263,cramers_v,9963
time_between_penalties,goals_against_total,0.0753429981806949,0.0753429981806949,distance_correlation,9963
medium_danger_shots,passes_completed,0.0751062553219348,0.0751062553219348,distance_correlation,9963
medium_danger_shots,passes_completed,0.074810129118806,0.074810129118806,spearman,9963
salary,shot_attempts,0.0747350796773492,0.0747350796773492,distance_correlation,9963
medium_danger_shots,puck_possession_time,0.0743453874665786,0.0743453874665786,pearson,9963
low_danger_shots,shooting_percentage_calculated,-0.074185978795304,0.074185978795304,spearman,9963
goals,selection_probability,0.0727731320164571,0.0727731320164571,mutual_information_num_num,9963
birth_city,years_played,0.0724566317704072,0.0724566317704072,eta_squared,9963
num_of_shots,medium_danger_shots,0.0724186076681087,0.0724186076681087,mutual_information_num_num,9963
dominant_hand,return_date,0.0722977682207561,0.0722977682207561,cramers_v,9349
birth_city,years_pro,0.0722080222085524,0.0722080222085524,eta_squared,9963
birth_city,morning_skate_attended,0.0717528201273699,0.0717528201273699,cramers_v,9963
high_danger_shots,medium_danger_shots,0.0717388748829564,0.0717388748829564,distance_correlation,9963
return_date,locker_room_role,0.0715787940073195,0.0715787940073195,cramers_v,9963
years_pro,games_missed_due_to_injury,0.0708748563096122,0.0708748563096122,distance_correlation,9963
medium_danger_shots,puck_possession_time,0.0703978804362299,0.0703978804362299,spearman,9963
captain,assists,0.0702011075927553,0.0702011075927553,eta_squared,9963
years_pro,pass_completion_rate,0.0700708542171641,0.0700708542171641,distance_correlation,9963
fitness_level,return_date,0.0699604759609463,0.0699604759609463,cramers_v,9533
high_danger_shots,power_play_goals,0.0696519866426463,0.0696519866426463,pearson,9963
return_date,uses_tinted_visor,0.0695927949820348,0.0695927949820348,cramers_v,9963
salary,shot_attempts,0.0694745729645092,0.0694745729645092,pearson,9963
return_date,morning_skate_attended,0.0694697995144836,0.0694697995144836,cramers_v,9963
gender,return_date,0.06944552745979,0.06944552745979,cramers_v,9041
return_date,golden_tipps,0.0692813035614277,0.0692813035614277,cramers_v,9963
return_date,eye_color,0.0690598266717569,0.0690598266717569,cramers_v,9703
penalty_kill_time,goals_against_average,0.0688576200922517,0.0688576200922517,mutual_information_num_num,9963
medium_danger_shots,puck_possession_time,0.0687340546597982,0.0687340546597982,distance_correlation,9963
return_date,pregame_music_genre,0.0684208864298479,0.0684208864298479,cramers_v,9963
salary,passes_completed,0.0682474290905145,0.0682474290905145,mutual_information_num_num,9963
number_of_previous_teams,passes_completed,0.0682038048907434,0.0682038048907434,mutual_information_num_num,9794
number_of_previous_teams,games_missed_due_to_injury,0.0680715554318587,0.0680715554318587,distance_correlation,9794
years_played,passes_completed,0.0677775373003058,0.0677775373003058,pearson,9963
low_danger_shots,shooting_percentage_calculated,0.0676091434297355,0.0676091434297355,distance_correlation,9963
nationality,return_date,0.0673302997029972,0.0673302997029972,cramers_v,9963
return_date,helmet_brand,0.0670298770472491,0.0670298770472491,cramers_v,9963
position,games_missed_due_to_injury,0.0669516317512811,0.0669516317512811,eta_squared,9963
goals_against_average,passes_attempted,0.0668848843820811,0.0668848843820811,distance_correlation,9963
years_pro,games_missed_due_to_injury,0.0663904557036188,0.0663904557036188,spearman,9963
goals_against_total,passes_attempted,0.0659206699290015,0.0659206699290015,distance_correlation,9963
years_played,passes_completed,0.0658294893386335,0.0658294893386335,distance_correlation,9963
experience_level,passes_completed,0.065626973873376,0.065626973873376,mutual_information_cat_num,9963
penalty_kill_time,goals_against_total,0.0648882237756195,0.0648882237756195,mutual_information_num_num,9963
experience_level,return_date,0.0646783674167194,0.0646783674167194,cramers_v,9963
power_play_goals,games_missed_due_to_injury,0.0640101721769397,0.0640101721769397,mutual_information_num_num,9963
dominant_hand,nationality,0.0638038944232203,0.0638038944232203,cramers_v,9349
penalty_kill_time,games_missed_due_to_injury,-0.0636025802517763,0.0636025802517763,spearman,9963
return_date,left_skate_first,0.0631730450476254,0.0631730450476254,cramers_v,9963
high_danger_shots,power_play_goals,0.0630167215180701,0.0630167215180701,spearman,9963
years_pro,passes_completed,0.0629937743247034,0.0629937743247034,spearman,9963
salary,won_championship,0.0629859159563362,0.0629859159563362,pearson,9963
return_date,tape_color,0.0627226144407442,0.0627226144407442,cramers_v,9963
time_on_ice,goals_against_total,0.0620847329452619,0.0620847329452619,distance_correlation,9961
salary,won_championship,0.0618475346245895,0.0618475346245895,distance_correlation,9963
passes_attempted,captain,0.061835903373275,0.061835903373275,distance_correlation,9963
return_date,brings_backup_stick,0.0613569552157479,0.0613569552157479,cramers_v,9963
golden_tipps,uses_tinted_visor,0.0611620202973524,0.0611620202973524,cramers_v,10000
num_of_shots,low_danger_shots,0.060900172827442,0.060900172827442,mutual_information_num_num,9963
salary,games_missed_due_to_injury,0.0608892639952015,0.0608892639952015,mutual_information_num_num,9963
low_danger_shots,shooting_percentage_calculated,-0.0607850024408691,0.0607850024408691,pearson,9963
high_danger_shots,power_play_goals,0.0600792211058685,0.0600792211058685,distance_correlation,9963
power_play_goals,selection_probability,-0.0600135177306946,0.0600135177306946,pearson,9963
salary,puck_touches,0.0597256228015059,0.0597256228015059,mutual_information_num_num,9963
won_championship,selection_probability,0.0596688029508601,0.0596688029508601,eta_squared,10000
return_date,passes_attempted,0.0596491128960503,0.0596491128960503,mutual_information_cat_num,9963
goals_against_total,passes_attempted,-0.0592856516679846,0.0592856516679846,pearson,9963
golden_tipps,brings_backup_stick,0.0588830912668874,0.0588830912668874,cramers_v,10000
fitness_level,selection_probability,0.0588668398680226,0.0588668398680226,mutual_information_cat_num,9533
shooting_percentage_calculated,selection_probability,0.0586881389639524,0.0586881389639524,mutual_information_num_num,9963
goals_against_average,passes_attempted,-0.0582431595918672,0.0582431595918672,pearson,9963
golden_tipps,training_pct,0.0582188976261008,0.0582188976261008,eta_squared,9487
golden_tipps,left_skate_first,0.0581895558881271,0.0581895558881271,cramers_v,10000
has_medical_note,golden_tipps,0.0577589321519387,0.0577589321519387,cramers_v,9963
tape_color,golden_tipps,0.0576449570875101,0.0576449570875101,cramers_v,10000
years_played,assists,0.0575026924804019,0.0575026924804019,pearson,9963
years_pro,passes_completed,0.0573884166740426,0.0573884166740426,pearson,9963
position,golden_tipps,0.0573542280297889,0.0573542280297889,cramers_v,9963
salary,won_championship,0.0567933499089618,0.0567933499089618,spearman,9963
time_on_ice,goals_against_total,0.0565542003921114,0.0565542003921114,pearson,9961
passes_attempted,pass_completion_rate,0.056383785589248,0.056383785589248,mutual_information_num_num,9963
goals,selection_probability,-0.0561786329187899,0.0561786329187899,pearson,9963
assists,pass_completion_rate,0.0555582411371275,0.0555582411371275,distance_correlation,9963
years_played,assists,0.0549807981581717,0.0549807981581717,spearman,9963
experience_level,years_pro,0.0543894719319431,0.0543894719319431,eta_squared,9963
return_date,won_championship,0.0540852025002079,0.0540852025002079,cramers_v,9963
goals,high_danger_shots,0.0537504251387857,0.0537504251387857,pearson,9963
years_pro,passes_completed,0.0537413822574917,0.0537413822574917,distance_correlation,9963
pregame_music_genre,golden_tipps,0.0526886479389357,0.0526886479389357,cramers_v,10000
assists,pass_completion_rate,0.0524290696695825,0.0524290696695825,spearman,9963
jersey_number,selection_probability,0.0523897588541166,0.0523897588541166,mutual_information_num_num,9963
time_on_ice,goals_against_average,0.052200513327014,0.052200513327014,distance_correlation,9961
passes_attempted,captain,0.0521471212604324,0.0521471212604324,pearson,9963
experience_level,passes_completed,0.0520317411081433,0.0520317411081433,eta_squared,9963
birth_city,draft_year,0.0518772400911113,0.0518772400911113,eta_squared,9923
golden_tipps,morning_skate_attended,0.0518535221325494,0.0518535221325494,cramers_v,10000
high_danger_shots,low_danger_shots,0.05182665747634,0.05182665747634,pearson,9963
high_danger_shots,low_danger_shots,0.0517368880621028,0.0517368880621028,spearman,9963
goals,high_danger_shots,0.0517061271919085,0.0517061271919085,spearman,9963
years_played,selection_probability,-0.0514099776566258,0.0514099776566258,spearman,9963
helmet_brand,golden_tipps,0.0512798496639649,0.0512798496639649,cramers_v,10000
age,games_missed_due_to_injury,0.0512179585726145,0.0512179585726145,mutual_information_num_num,9833
return_date,power_play_goals,0.0509811645577795,0.0509811645577795,eta_squared,9963
power_play_goals,puck_touches,0.050829438679932,0.050829438679932,spearman,9963
nationality,golden_tipps,0.0507466345391814,0.0507466345391814,cramers_v,9963
years_played,assists,0.0506798237835785,0.0506798237835785,distance_correlation,9963
goals,high_danger_shots,0.0503299752304586,0.0503299752304586,distance_correlation,9963
time_on_ice,goals_against_average,-0.0502890943950747,0.0502890943950747,pearson,9961
high_danger_shots,low_danger_shots,0.0500728860930971,0.0500728860930971,distance_correlation,9963
dominant_hand,golden_tipps,0.0500636285769982,0.0500636285769982,cramers_v,9349
